仓库代码	州简称	州名	州名中文	城市	城市中文	City	隔口数	路线数	仅function	路线后两位
57	NY	New York	纽约州	Albany	奥尔巴尼	ALB	7	6	1	01, 02, 03, 04, 12, 13
17	NY	New York	纽约州	Long Island	长岛	ANT	15	15	0	12, 14, 16, 17, 60, 61, 62, 67, 68, 82, 84, 86, 87, 90, 91
18	PA	Pennsylvania	宾夕法尼亚州	Allentown	阿伦敦	AT	6	6	0	03, 04, 05, 06, 07, 09
70	PA	Pennsylvania	宾夕法尼亚州	Scranton	斯克兰顿	AVP	7	6	1	01, 02, 03, 04, 05, 30
17	NY	New York	纽约州	Brooklyn	布鲁克林	BK	13	13	0	05, 07, 09, 10, 13, 18, 19, 20, 21, 70, 75, 78, 89
39	MA	Massachusetts	马萨诸塞州	Boston	波士顿	BOS	24	24	1	01, 02, 03, 05, 06, 08, 09, 10, 12, 13, 14, 15, 16, 18, 19, 22, (24, 74), 25, 26, 29, 30, 36, 38
26	VA	Virginia	弗吉尼亚州	Washington	华盛顿	BTO	18	18	0	06, 08, 11, 12, 13, 14, 15, 18, 19, 21, 28, 31, 32, 44, 46, 49, 58, 61
82	VT	Vermont	佛蒙特州	Burlington	伯灵顿	BTV	1	1	0	(01, 82function)
45	NY	New York	纽约州	Buffalo	布法罗	BUF	10	9	1	01, 02, 03, 04, 05, 06, 07, 08, 09
34	NC	North Carolina	北卡罗来纳州	Charlotte	夏洛特	CLT	13	12	1	01, 02, 03, 04, 05, 06, 07, 08, 09, 10, 12, 13
18	NJ	New Jersey	新泽西州	Connecticut	康涅狄格	CT	23	23	0	75, 76, 77, 78, 79, 80, 81, 82, 83, 84, 85, 86, 87, 88, 89, 90, 91, 92, 93, 95, 96, 97, 98
26	VA	Virginia	弗吉尼亚州	Washington	华盛顿	DCA	20	22	1	02, 03, 04, 05, (07, 47), 09, 10, 16, (17, 57), (20, 60), 22, 23, 25, 26, 27, 33, 34, 43, 45
25	PA	Pennsylvania	宾夕法尼亚州	Dover	多佛	DOV	6	6	0	50, 51, 52, 53, 54, 55
83	PA	Pennsylvania	宾夕法尼亚州	Erie	伊利	ERI	2	2	0	(01, 83function), 02
18	NJ	New Jersey	新泽西州	Newark	纽瓦克	EWR	43	40	3	11, 13, 14, 18, 19, 20, 21, 22, 23, 24, 25, 26, 27, 28, 29, 30, 31, 32, 33, 34, 35, 36, 37, 38, 39, 40, 41, 43, 51, 52, 53, 54, 58, 61, 62, 64, 65, 66, 67, 68, (17function, 18function)
95	NC	North Carolina	北卡罗来纳州	Greensboro	格林斯伯勒	GSO	6	6	1	(01, 04), 02, 03, 05, 06
17	NY	New York	纽约州	New York	纽约	JFK	9	17	0	(02, 06, 08), 03, 04, (11, 15, 17function), 22, (59, 63, 64), (65, 66, 69), (72, 76), 73
58	PA	Pennsylvania	宾夕法尼亚州	Harrisburg	哈里斯堡	MDT	16	16	0	01, 02, 03, 04, 05, 06, 08, 09, 10, 11, 12, (13, 58function), 14, 15, 16, 99
39	MA	Massachusetts	马萨诸塞州	Manchester	曼彻斯特	MHT	6	6	0	21, 23, 28, 34, 40, 42
96	VA	Virginia	弗吉尼亚州	Norfolk	诺福克	ORF	14	12	2	01, 02, 03, 04, 05, 06, 07, 08, 09, 10, 11, 12, (52function, 96function)
25	PA	Pennsylvania	宾夕法尼亚州	Philadelphia	费城	PHL	31	30	1	02, 03, 04, 05, 06, 07, 08, 09, 10, 11, 12, 13, 14, 15, 16, 17, 18, 19, 20, 21, 22, 23, 24, 25, 26, 27, 28, 30, 31, 32
59	PA	Pennsylvania	宾夕法尼亚州	Pittsburgh	匹兹堡	PIT	12	11	1	01, 02, 03, 04, 05, 06, 11, 12, 13, 14, 16
39	MA	Massachusetts	马萨诸塞州	Providence	普罗维登斯	PVD1	8	8	0	61, 63, 64, 66, 70, (71, 39function), 73, 75
39	MA	Massachusetts	马萨诸塞州	Providence	普罗维登斯	PVD2	2	2	0	68, 69
74	ME	Maine	缅因州	Portland	波特兰	PWM	6	5	1	01, 03, 04, 05, 06
35	NC	North Carolina	北卡罗来纳州	Raleigh	罗利	RDU	8	7	1	01, 02, 03, 04, 05, 06, 07
52	VA	Virginia	弗吉尼亚州	Richmond	里士满	RIC	11	10	1	01, 02, 03, 04, 05, 06, 07, 08, 09, 10
80	VA	Virginia	弗吉尼亚州	Roanoke	罗阿诺克	ROA	1	1	0	(01, 80function)
94	NY	New York	纽约州	Rochester	罗切斯特	ROC	8	8	0	01, 02, 03, 04, 05, 06, 07, (08, 94function)
84	VA	Virginia	弗吉尼亚州	Staunton	斯汤顿	SHD	3	3	0	(01, 84function), 02, 03
92	NY	New York	纽约州	Newburgh	纽堡	SWF	7	7	0	05, 06, 07, 08, 15, 16, 17
71	NY	New York	纽约州	Syracuse	锡拉丘兹	SYR	7	6	1	01, 02, 03, 04, 05, 06
